,"Motor Case Outside Ave. (C)","Heatsink Inside Ave. (C)","PCO U Pad Ave. (C)","PCO U Package Ave. (C)","PCO V Pad Ave. (C)","PCO V Package Ave. (C)","PCO W Pad Ave. (C)","PCO W Package Ave. (C)"
"1","19.663","19.630","19.611","19.596","19.585","19.563","19.496","19.466"
"2","19.656","19.615","19.612","19.593","19.578","19.552","19.508","19.470"
"3","19.668","19.627","19.616","19.590","19.590","19.564","19.508","19.474"
"4","19.668","19.631","19.620","19.598","19.590","19.564","19.520","19.475"
"5","19.669","19.624","19.617","19.598","19.591","19.561","19.513","19.483"
"6","19.680","19.632","19.621","19.602","19.588","19.562","19.509","19.469"
"7","19.666","19.626","19.614","19.592","19.581","19.562","19.510","19.473"
"8","19.674","19.633","19.619","19.604","19.585","19.567","19.511","19.485"
"9","19.671","19.630","19.627","19.601","19.589","19.563","19.619","19.738"
"10","19.672","19.631","19.716","20.727","21.114","20.300","21.496","21.452"
"11","19.672","19.643","20.319","22.295","22.012","21.265","23.075","22.604"
"12","19.662","19.673","21.100","23.481","22.425","21.902","24.080","23.352"
"13","19.658","19.751","21.829","24.393","22.686","22.351","24.776","23.919"
"14","19.674","19.834","22.484","25.133","22.922","22.716","25.314","24.390"
"15","19.663","19.934","23.077","25.774","23.121","23.059","25.770","24.795"
"16","19.657","20.168","24.094","26.853","23.501","23.678","26.577","25.562"
"17","19.657","20.297","24.558","27.336","23.678","23.976","26.946","25.901"
"18","19.658","20.434","24.992","27.789","23.874","24.279","27.318","26.243"
"19","19.658","20.563","25.398","28.216","24.040","24.559","27.657","26.575"
"20","19.663","20.700","25.785","28.621","24.225","24.850","27.999","26.885"
"21","19.678","20.844","26.164","29.027","24.405","25.141","28.346","27.205"
"22","19.675","20.980","26.529","29.391","24.564","25.403","28.666","27.507"
"23","19.672","21.110","26.864","29.749","24.734","25.672","28.984","27.795"
"24","19.668","21.250","27.192","30.091","24.893","25.941","29.286","28.079"
"25","19.680","21.516","27.841","30.747","25.214","26.454","29.886","28.643"
"26","19.689","21.653","28.136","31.065","25.369","26.708","30.187","28.923"
"27","19.693","21.786","28.438","31.371","25.524","26.951","30.479","29.188"
"28","19.690","21.919","28.725","31.667","25.660","27.184","30.749","29.461"
"29","19.709","22.055","29.013","31.959","25.816","27.416","31.023","29.712"
"30","19.705","22.181","29.289","32.240","25.956","27.652","31.307","29.981"
"31","19.721","22.318","29.562","32.525","26.111","27.884","31.577","30.226"
"32","19.714","22.451","29.820","32.788","26.240","28.106","31.833","30.478"
"33","19.726","22.584","30.070","33.061","26.384","28.327","32.096","30.719"
"34","19.730","22.831","30.559","33.562","26.647","28.736","32.600","31.186"
"35","19.746","22.957","30.801","33.803","26.776","28.943","32.848","31.427"
"36","19.758","23.094","31.020","34.047","26.898","29.142","33.082","31.650"
"37","19.766","23.212","31.257","34.292","27.035","29.345","33.330","31.865"
"38","19.762","23.341","31.480","34.522","27.160","29.541","33.567","32.103"
"39","19.785","23.459","31.699","34.748","27.278","29.725","33.786","32.322"
"40","19.778","23.578","31.903","34.964","27.400","29.917","34.031","32.541"
"41","19.790","23.703","32.115","35.194","27.519","30.104","34.254","32.749"
"42","19.802","23.814","32.323","35.395","27.633","30.280","34.473","32.965"
"43","19.821","24.051","32.714","35.811","27.859","30.623","34.911","33.374"
"44","19.833","24.187","32.915","36.012","27.973","30.795","35.120","33.571"
"45","19.837","24.298","33.105","36.217","28.084","30.970","35.335","33.769"
"46","19.849","24.402","33.288","36.399","28.192","31.128","35.536","33.966"
"47","19.853","24.524","33.467","36.586","28.288","31.285","35.737","34.159"
"48","19.854","24.628","33.643","36.761","28.399","31.446","35.938","34.335"
"49","19.858","24.742","33.825","36.955","28.502","31.607","36.132","34.536"
"50","19.870","24.846","33.993","37.134","28.606","31.760","36.329","34.711"
"51","19.878","24.949","34.158","37.306","28.699","31.910","36.519","34.887"
"52","19.890","25.164","34.491","37.657","28.902","32.210","36.899","35.256"
"53","19.902","25.278","34.659","37.818","29.002","32.356","37.085","35.435"
"54","19.917","25.382","34.816","37.982","29.094","32.499","37.268","35.606"
"55","19.929","25.475","34.970","38.147","29.183","32.641","37.440","35.767"
"56","19.933","25.578","35.116","38.300","29.276","32.777","37.626","35.943"
"57","19.923","25.693","35.277","38.457","29.372","32.909","37.787","36.104"
"58","19.935","25.782","35.416","38.604","29.457","33.044","37.951","36.268"
"59","19.950","25.881","35.558","38.757","29.531","33.172","38.123","36.422"
"60","19.965","25.974","35.708","38.907","29.635","33.315","38.288","36.594"
"61","20.000","26.167","35.990","39.211","29.813","33.574","38.620","36.908"
"62","20.023","26.263","36.125","39.346","29.891","33.695","38.774","37.054"
"63","20.034","26.359","36.261","39.489","29.990","33.823","38.953","37.212"
"64","20.057","26.455","36.403","39.620","30.060","33.944","39.096","37.362"
"65","20.061","26.548","36.539","39.763","30.145","34.069","39.250","37.512"
"66","20.058","26.637","36.663","39.899","30.229","34.186","39.407","37.658"
"67","20.077","26.733","36.799","40.034","30.313","34.314","39.567","37.808"
"68","20.085","26.829","36.927","40.165","30.387","34.435","39.707","37.940"
"69","20.086","26.900","37.037","40.285","30.464","34.537","39.853","38.082"
"70","20.116","27.085","37.289","40.547","30.618","34.768","40.148","38.357"
"71","20.131","27.170","37.399","40.653","30.692","34.867","40.283","38.492"
"72","20.143","27.252","37.516","40.780","30.761","34.977","40.421","38.631"
"73","20.151","27.337","37.630","40.890","30.842","35.079","40.560","38.755"
"74","20.148","27.422","37.747","41.013","30.908","35.185","40.684","38.880"
"75","20.163","27.492","37.849","41.123","30.978","35.292","40.826","39.004"
"76","20.182","27.589","37.970","41.240","31.059","35.402","40.968","39.147"
"77","20.201","27.670","38.080","41.360","31.129","35.501","41.099","39.272"
"78","20.220","27.752","38.197","41.473","31.202","35.607","41.226","39.407"
"79","20.258","27.911","38.410","41.691","31.345","35.801","41.474","39.641"
"80","20.262","27.985","38.512","41.801","31.415","35.915","41.609","39.777"
"81","20.293","28.082","38.622","41.921","31.489","36.010","41.740","39.901"
"82","20.312","28.156","38.732","42.030","31.555","36.109","41.860","40.015"
"83","20.327","28.226","38.828","42.122","31.621","36.201","41.984","40.135"
"84","20.335","28.304","38.930","42.227","31.691","36.296","42.100","40.237"
"85","20.339","28.371","39.033","42.326","31.750","36.388","42.217","40.350"
"86","20.366","28.453","39.128","42.428","31.812","36.479","42.337","40.467"
"87","20.373","28.530","39.216","42.530","31.878","36.567","42.443","40.569"
"88","20.393","28.671","39.407","42.716","32.007","36.747","42.665","40.795"
"89","20.408","28.742","39.506","42.818","32.066","36.831","42.786","40.900"
"90","20.431","28.812","39.590","42.909","32.129","36.912","42.888","41.006"
"91","20.439","28.883","39.682","43.008","32.195","37.004","43.004","41.119"
"92","20.451","28.950","39.777","43.095","32.254","37.081","43.106","41.210"
"93","20.462","29.020","39.862","43.187","32.313","37.169","43.216","41.320"
"94","20.478","29.098","39.949","43.282","32.371","37.246","43.311","41.418"
"95","20.486","29.161","40.041","43.373","32.434","37.323","43.409","41.513"
"96","20.497","29.228","40.132","43.453","32.493","37.408","43.515","41.612"
"97","20.532","29.362","40.293","43.625","32.607","37.569","43.716","41.809"
"98","20.543","29.421","40.377","43.709","32.662","37.639","43.807","41.900"
"99","20.548","29.488","40.450","43.797","32.714","37.723","43.920","41.998"
"100","20.567","29.559","40.541","43.881","32.787","37.804","44.018","42.100"
"101","20.597","29.629","40.625","43.968","32.832","37.878","44.110","42.181"
"102","20.586","29.674","40.702","44.038","32.880","37.947","44.201","42.279"
"103","20.605","29.744","40.779","44.122","32.935","38.021","44.292","42.367"
"104","20.620","29.804","40.852","44.187","32.987","38.094","44.387","42.458"
"105","20.628","29.867","40.921","44.275","33.045","38.157","44.471","42.538"
"106","20.641","29.994","41.082","44.436","33.152","38.315","44.653","42.721"
"107","20.649","30.053","41.152","44.513","33.204","38.385","44.748","42.809"
"108","20.671","30.111","41.225","44.586","33.267","38.455","44.840","42.889"
"109","20.709","30.178","41.298","44.659","33.318","38.524","44.923","42.973"
"110","20.724","30.229","41.375","44.736","33.359","38.591","45.007","43.050"
"111","20.751","30.292","41.448","44.812","33.414","38.653","45.095","43.137"
"112","20.755","30.347","41.521","44.878","33.458","38.723","45.190","43.221"
"113","20.763","30.395","41.587","44.951","33.517","38.789","45.274","43.302"
"114","20.800","30.461","41.656","45.024","33.573","38.855","45.354","43.386"
"115","20.827","30.583","41.799","45.182","33.679","39.006","45.530","43.554"
"116","20.843","30.638","41.868","45.244","33.728","39.058","45.606","43.634"
"117","20.851","30.693","41.931","45.306","33.768","39.116","45.687","43.711"
"118","20.851","30.745","42.007","45.376","33.823","39.194","45.774","43.788"
"119","20.867","30.800","42.073","45.449","33.871","39.253","45.844","43.861"
"120","20.893","30.848","42.128","45.515","33.905","39.311","45.924","43.930"
"121","20.905","30.903","42.194","45.577","33.956","39.378","46.008","44.011"
"122","20.935","30.962","42.260","45.646","34.012","39.440","46.085","44.084"
"123","20.950","31.014","42.322","45.716","34.063","39.503","46.169","44.168"
"124","20.988","31.128","42.461","45.844","34.156","39.624","46.315","44.310"
"125","21.000","31.176","42.524","45.906","34.204","39.694","46.385","44.383"
"126","21.022","31.231","42.586","45.965","34.244","39.738","46.454","44.449"
"127","21.030","31.276","42.637","46.038","34.300","39.805","46.531","44.519"
"128","21.057","31.338","42.707","46.100","34.351","39.871","46.612","44.603"
"129","21.076","31.386","42.765","46.152","34.388","39.908","46.674","44.651"
"130","21.091","31.427","42.817","46.214","34.429","39.963","46.747","44.720"
"131","21.096","31.490","42.879","46.273","34.470","40.029","46.816","44.793"
"132","21.111","31.523","42.930","46.335","34.514","40.088","46.886","44.859"
"133","21.142","31.630","43.055","46.452","34.610","40.198","47.029","44.995"
"134","21.161","31.681","43.110","46.511","34.662","40.257","47.102","45.060"
"135","21.176","31.733","43.172","46.573","34.702","40.315","47.160","45.134"
"136","21.191","31.770","43.216","46.628","34.736","40.356","47.223","45.185"
"137","21.214","31.807","43.275","46.676","34.777","40.403","47.281","45.244"
"138","21.237","31.855","43.323","46.723","34.810","40.448","47.340","45.295"
"139","21.256","31.900","43.367","46.775","34.847","40.503","47.413","45.365"
"140","21.256","31.944","43.429","46.837","34.899","40.558","47.479","45.430"
"141","21.279","31.996","43.491","46.896","34.932","40.616","47.548","45.493"
"142","21.295","32.099","43.598","47.002","35.028","40.719","47.676","45.617"
"143","21.307","32.136","43.646","47.064","35.061","40.763","47.735","45.676"
"144","21.322","32.191","43.701","47.123","35.106","40.825","47.805","45.742"
"145","21.345","32.236","43.759","47.178","35.150","40.873","47.871","45.815"
"146","21.371","32.284","43.807","47.226","35.195","40.925","47.929","45.859"
"147","21.401","32.328","43.862","47.277","35.235","40.972","47.991","45.918"
"148","21.406","32.376","43.921","47.336","35.276","41.024","48.054","45.980"
"149","21.414","32.420","43.972","47.391","35.324","41.079","48.116","46.039"
"150","21.433","32.465","44.016","47.435","35.361","41.127","48.178","46.105"
"151","21.482","32.564","44.130","47.545","35.446","41.230","48.303","46.218"
"152","21.497","32.605","44.167","47.593","35.483","41.274","48.354","46.273"
"153","21.527","32.642","44.215","47.648","35.517","41.318","48.409","46.328"
"154","21.539","32.690","44.273","47.699","35.565","41.369","48.461","46.391"
"155","21.551","32.735","44.328","47.747","35.605","41.413","48.516","46.431"
"156","21.566","32.775","44.369","47.791","35.635","41.457","48.571","46.486"
"157","21.581","32.819","44.413","47.835","35.676","41.494","48.622","46.545"
"158","21.586","32.857","44.461","47.890","35.720","41.546","48.681","46.596"
"159","21.597","32.901","44.508","47.931","35.754","41.590","48.729","46.648"
"160","21.636","32.979","44.600","48.027","35.824","41.678","48.846","46.765"
"161","21.666","33.023","44.645","48.074","35.865","41.719","48.901","46.816"
"162","21.681","33.060","44.692","48.119","35.902","41.759","48.949","46.850"
"163","21.685","33.108","44.736","48.170","35.939","41.811","49.007","46.905"
"164","21.668","33.142","44.781","48.207","35.973","41.851","49.062","46.956"
"165","21.661","33.175","44.828","48.251","36.002","41.892","49.110","47.007"
"166","21.676","33.220","44.862","48.302","36.050","41.943","49.169","47.066"
"167","21.717","33.260","44.910","48.347","36.084","41.980","49.213","47.110"
"168","21.744","33.305","44.961","48.394","36.121","42.028","49.257","47.162"
"169","21.800","33.390","45.053","48.486","36.199","42.120","49.378","47.268"
"170","21.812","33.423","45.097","48.530","36.225","42.149","49.415","47.308"
"171","21.816","33.460","45.123","48.564","36.262","42.186","49.456","47.349"
"172","21.832","33.490","45.174","48.608","36.292","42.238","49.503","47.397"
"173","21.840","33.534","45.218","48.648","36.329","42.271","49.551","47.445"
"174","21.848","33.568","45.255","48.692","36.373","42.311","49.606","47.496"
"175","21.852","33.605","45.289","48.726","36.399","42.345","49.650","47.533"
"176","21.878","33.642","45.329","48.766","36.429","42.385","49.691","47.573"
"177","21.905","33.686","45.377","48.821","36.462","42.437","49.749","47.632"
"178","21.950","33.760","45.462","48.909","36.544","42.514","49.845","47.724"
"179","21.973","33.798","45.509","48.946","36.581","42.562","49.893","47.779"
"180","21.985","33.845","45.557","48.998","36.622","42.599","49.944","47.827"
"181","21.996","33.875","45.594","49.035","36.648","42.636","49.981","47.867"
"182","22.012","33.905","45.624","49.075","36.678","42.669","50.029","47.911"
"183","22.023","33.946","45.671","49.105","36.715","42.709","50.069","47.956"
"184","22.039","33.979","45.701","49.138","36.741","42.735","50.116","47.992"
"185","22.058","34.016","45.742","49.193","36.782","42.787","50.171","48.040"
"186","22.073","34.057","45.789","49.223","36.822","42.824","50.212","48.092"
"187","22.100","34.113","45.859","49.304","36.882","42.894","50.296","48.176"
"188","22.119","34.165","45.889","49.348","36.912","42.938","50.336","48.210"
"189","22.131","34.198","45.933","49.392","36.945","42.975","50.387","48.257"
"190","22.150","34.243","45.985","49.436","36.990","43.023","50.435","48.305"
"191","22.151","34.272","46.014","49.462","37.016","43.041","50.468","48.346"
"192","22.148","34.302","46.048","49.496","37.046","43.086","50.516","48.383"
"193","22.163","34.332","46.088","49.543","37.079","43.130","50.556","48.434"
"194","22.178","34.376","46.122","49.573","37.102","43.163","50.603","48.467"
"195","22.194","34.399","46.148","49.603","37.124","43.185","50.629","48.504"
"196","22.239","34.462","46.229","49.673","37.191","43.256","50.714","48.585"
"197","22.258","34.499","46.258","49.710","37.228","43.285","50.758","48.622"
"198","22.270","34.525","46.295","49.743","37.254","43.322","50.794","48.663"
"199","22.282","34.562","46.332","49.773","37.288","43.363","50.838","48.703"
"200","22.275","34.603","46.373","49.817","37.317","43.396","50.879","48.744"
"201","22.287","34.629","46.406","49.857","37.351","43.429","50.915","48.773"
"202","22.313","34.652","46.432","49.876","37.373","43.455","50.948","48.810"
"203","22.347","34.689","46.465","49.909","37.403","43.489","50.989","48.844"
"204","22.348","34.715","46.498","49.946","37.426","43.525","51.033","48.891"
"205","22.393","34.778","46.554","50.009","37.485","43.599","51.110","48.961"
"206","22.438","34.812","46.587","50.042","37.519","43.622","51.150","49.002"
"207","22.475","34.849","46.628","50.083","37.552","43.655","51.190","49.046"
"208","22.505","34.882","46.672","50.116","37.585","43.692","51.231","49.087"
"209","22.528","34.912","46.694","50.156","37.608","43.721","51.264","49.109"
"210","22.551","34.938","46.735","50.186","37.645","43.755","51.304","49.153"
"211","22.574","34.979","46.772","50.215","37.679","43.788","51.337","49.194"
"212","22.589","35.009","46.798","50.252","37.708","43.825","51.381","49.231"
"213","22.604","35.046","46.846","50.303","37.745","43.866","51.422","49.275"
"214","22.602","35.109","46.901","50.358","37.794","43.918","51.484","49.341"
"215","22.569","35.131","46.927","50.370","37.813","43.940","51.517","49.364"
"216","22.585","35.143","46.950","50.389","37.832","43.970","51.550","49.397"
"217","22.615","35.191","46.994","50.429","37.872","44.006","51.591","49.441"
"218","22.616","35.225","47.020","50.466","37.906","44.036","51.631","49.475"
"219","22.660","35.251","47.057","50.499","37.932","44.066","51.661","49.511"
"220","22.694","35.295","47.087","50.532","37.969","44.106","51.705","49.548"
"221","22.724","35.325","47.120","50.565","37.999","44.143","51.745","49.578"
"222","22.740","35.351","47.157","50.605","38.032","44.173","51.774","49.629"
"223","22.774","35.403","47.212","50.653","38.074","44.229","51.844","49.689"
"224","22.804","35.444","47.246","50.698","38.104","44.251","51.867","49.715"
"225","22.820","35.467","47.283","50.727","38.137","44.284","51.910","49.755"
"226","22.831","35.493","47.305","50.757","38.163","44.318","51.936","49.778"
"227","22.828","35.512","47.331","50.786","38.178","44.347","51.973","49.815"
"228","22.851","35.556","47.375","50.826","38.212","44.380","52.003","49.859"
"229","22.866","35.589","47.408","50.859","38.249","44.414","52.039","49.885"
"230","22.874","35.608","47.434","50.878","38.271","44.443","52.072","49.918"
"231","22.904","35.634","47.468","50.918","38.301","44.466","52.109","49.951"
"232","22.954","35.705","47.534","50.970","38.354","44.529","52.168","50.018"
"233","22.965","35.727","47.564","51.007","38.380","44.562","52.201","50.044"
"234","22.984","35.761","47.593","51.040","38.413","44.591","52.245","50.080"
"235","23.011","35.787","47.627","51.070","38.439","44.625","52.271","50.106"
"236","23.019","35.809","47.646","51.092","38.462","44.640","52.297","50.150"
"237","23.052","35.843","47.690","51.136","38.499","44.673","52.337","50.172"
"238","23.071","35.873","47.716","51.158","38.521","44.710","52.374","50.213"
"239","23.094","35.899","47.745","51.198","38.544","44.740","52.400","50.239"
"240","23.113","35.929","47.779","51.221","38.574","44.759","52.426","50.279"
"241","23.148","35.977","47.831","51.276","38.629","44.814","52.485","50.323"
"242","23.152","36.011","47.853","51.295","38.645","44.844","52.511","50.353"
"243","23.145","36.026","47.879","51.324","38.667","44.873","52.547","50.386"
"244","23.153","36.056","47.916","51.361","38.697","44.903","52.580","50.423"
"245","23.183","36.085","47.946","51.390","38.730","44.925","52.606","50.449"
"246","23.191","36.119","47.979","51.424","38.749","44.955","52.639","50.478"
"247","23.181","36.141","48.001","51.446","38.772","44.974","52.665","50.504"
"248","23.196","36.160","48.020","51.475","38.809","45.003","52.691","50.530"
"249","23.204","36.190","48.046","51.490","38.820","45.030","52.717","50.560"
"250","23.246","36.242","48.120","51.553","38.884","45.085","52.780","50.626"
"251","23.258","36.265","48.135","51.579","38.906","45.104","52.806","50.652"
"252","23.255","36.295","48.168","51.612","38.932","45.141","52.850","50.681"
"253","23.281","36.324","48.191","51.634","38.951","45.167","52.879","50.718"
"254","23.307","36.347","48.227","51.678","38.985","45.196","52.905","50.744"
"255","23.338","36.380","48.261","51.700","39.014","45.230","52.945","50.784"
"256","23.349","36.414","48.287","51.734","39.037","45.256","52.971","50.806"
"257","23.376","36.436","48.313","51.759","39.059","45.282","52.997","50.836"
"258","23.369","36.455","48.343","51.778","39.086","45.301","53.037","50.862"
"259","23.392","36.511","48.395","51.841","39.134","45.356","53.086","50.917"
"260","23.422","36.537","48.424","51.863","39.168","45.386","53.111","50.950"
"261","23.453","36.556","48.457","51.896","39.194","45.416","53.145","50.980"
"262","23.483","36.597","48.483","51.926","39.216","45.438","53.174","51.013"
"263","23.498","36.616","48.506","51.948","39.242","45.471","53.189","51.031"
"264","23.521","36.642","48.539","51.977","39.258","45.486","53.226","51.068"
"265","23.529","36.661","48.551","51.996","39.284","45.512","53.248","51.090"
"266","23.544","36.687","48.573","52.026","39.310","45.546","53.281","51.113"
"267","23.548","36.720","48.613","52.059","39.340","45.575","53.311","51.146"
"268","23.579","36.765","48.662","52.103","39.388","45.616","53.366","51.198"
"269","23.591","36.788","48.688","52.125","39.407","45.639","53.381","51.216"
"270","23.610","36.814","48.714","52.155","39.441","45.668","53.418","51.246"
"271","23.625","36.840","48.751","52.184","39.456","45.694","53.436","51.272"
"272","23.644","36.862","48.766","52.203","39.475","45.717","53.462","51.298"
"273","23.674","36.885","48.781","52.229","39.501","45.736","53.503","51.327"
"274","23.679","36.907","48.811","52.258","39.523","45.765","53.514","51.360"
"275","23.683","36.934","48.833","52.288","39.549","45.799","53.558","51.390"
"276","23.717","36.971","48.877","52.307","39.575","45.821","53.577","51.412"
"277","23.758","37.015","48.918","52.366","39.631","45.873","53.632","51.456"
"278","23.763","37.042","48.944","52.384","39.654","45.899","53.658","51.493"
"279","23.789","37.061","48.978","52.414","39.677","45.929","53.688","51.519"
"280","23.786","37.079","49.000","52.443","39.703","45.944","53.706","51.545"
"281","23.827","37.109","49.026","52.466","39.729","45.977","53.732","51.567"
"282","23.835","37.143","49.052","52.499","39.751","45.999","53.758","51.597"
"283","23.862","37.169","49.089","52.528","39.777","46.029","53.791","51.623"
"284","23.895","37.188","49.111","52.554","39.807","46.058","53.824","51.656"
"285","23.922","37.214","49.144","52.576","39.826","46.084","53.850","51.685"
"286","23.930","37.226","49.186","52.625","39.875","46.129","53.905","51.733"
"287","23.953","37.208","49.201","52.647","39.897","46.152","53.935","51.763"
"288","23.972","37.264","49.231","52.669","39.920","46.178","53.964","51.785"
"289","23.988","37.304","49.260","52.695","39.935","46.189","53.976","51.797"
"290","23.999","37.338","49.275","52.717","39.954","46.215","53.998","51.826"
"291","23.967","37.360","49.305","52.750","39.987","46.252","54.031","51.859"
"292","23.945","37.375","49.335","52.769","40.010","46.278","54.053","51.878"
"293","23.953","37.380","49.353","52.795","40.028","46.301","54.065","51.907"
"294","23.969","37.402","49.379","52.810","40.047","46.312","54.094","51.933"
"295","24.025","37.447","49.410","52.847","40.088","46.353","54.139","51.967"
"296","24.063","37.481","49.432","52.877","40.114","46.386","54.172","51.996"
"297","24.085","37.507","49.469","52.903","40.133","46.409","54.191","52.022"
"298","24.108","37.533","49.484","52.932","40.159","46.428","54.220","52.048"
"299","24.142","37.559","49.517","52.958","40.185","46.457","54.246","52.078"
"300","24.157","37.592","49.540","52.988","40.207","46.476","54.265","52.100"
"301","24.172","37.608","49.573","53.021","40.241","46.509","54.298","52.122"
"302","24.155","37.630","49.599","53.039","40.248","46.521","54.306","52.141"
"303","24.174","37.656","49.621","53.062","40.278","46.547","54.339","52.178"
"304","24.230","37.698","49.670","53.113","40.327","46.602","54.391","52.219"
"305","24.260","37.702","49.692","53.139","40.345","46.632","54.416","52.255"
"306","24.294","37.743","49.736","53.169","40.382","46.658","54.442","52.285"
"307","24.320","37.761","49.751","53.195","40.408","46.691","54.475","52.311"
"308","24.328","37.795","49.788","53.213","40.423","46.699","54.494","52.329"
"309","24.340","37.817","49.807","53.239","40.442","46.718","54.506","52.352"
"310","24.341","37.843","49.818","53.258","40.453","46.740","54.524","52.370"
"311","24.352","37.859","49.844","53.276","40.480","46.752","54.554","52.378"
"312","24.375","37.877","49.863","53.309","40.502","46.785","54.583","52.415"
"313","24.380","37.930","49.911","53.350","40.543","46.826","54.624","52.459"
"314","24.384","37.949","49.930","53.366","40.562","46.838","54.646","52.478"
"315","24.403","37.975","49.949","53.391","40.584","46.864","54.658","52.500"
"316","24.426","37.994","49.975","53.417","40.606","46.886","54.698","52.526"
"317","24.456","38.023","50.008","53.443","40.636","46.912","54.709","52.552"
"318","24.468","38.035","50.023","53.465","40.655","46.931","54.735","52.574"
"319","24.487","38.065","50.046","53.488","40.681","46.960","54.761","52.596"
"320","24.495","38.091","50.082","53.513","40.696","46.986","54.780","52.615"
"321","24.499","38.110","50.094","53.529","40.715","46.998","54.809","52.641"
"322","24.522","38.147","50.138","53.569","40.763","47.028","54.854","52.682"
"323","24.545","38.177","50.164","53.595","40.778","47.065","54.880","52.704"
"324","24.560","38.189","50.179","53.618","40.801","47.084","54.898","52.730"
"325","24.554","38.215","50.194","53.633","40.819","47.099","54.910","52.749"
"326","24.580","38.241","50.227","53.666","40.845","47.121","54.939","52.778"
"327","24.617","38.260","50.257","53.688","40.871","47.151","54.962","52.800"
"328","24.640","38.282","50.275","53.699","40.890","47.166","54.977","52.812"
"329","24.644","38.301","50.283","53.722","40.902","47.174","54.999","52.827"
"330","24.656","38.313","50.302","53.737","40.920","47.193","55.021","52.849"
"331","24.683","38.354","50.343","53.778","40.954","47.241","55.058","52.890"
"332","24.702","38.376","50.372","53.804","40.984","47.263","55.088","52.923"
"333","24.725","38.399","50.395","53.829","41.003","47.275","55.103","52.945"
"334","24.744","38.425","50.417","53.852","41.025","47.308","55.125","52.968"
"335","24.756","38.444","50.439","53.878","41.051","47.330","55.140","52.990"
"336","24.756","38.459","50.454","53.889","41.062","47.349","55.166","52.998"
"337","24.779","38.485","50.473","53.915","41.085","47.361","55.189","53.024"
"338","24.776","38.504","50.495","53.926","41.096","47.383","55.211","53.039"
"339","24.780","38.530","50.517","53.952","41.122","47.402","55.233","53.072"
"340","24.822","38.572","50.569","54.000","41.174","47.450","55.281","53.113"
"341","24.845","38.601","50.595","54.023","41.197","47.473","55.300","53.135"
"342","24.856","38.620","50.614","54.041","41.219","47.499","55.322","53.161"
"343","24.879","38.646","50.632","54.071","41.241","47.510","55.341","53.176"
"344","24.894","38.658","50.647","54.082","41.260","47.532","55.359","53.202"
"345","24.888","38.684","50.666","54.104","41.275","47.558","55.378","53.213"
"346","24.914","38.703","50.695","54.130","41.298","47.574","55.400","53.239"
"347","24.907","38.721","50.718","54.149","41.320","47.607","55.430","53.265"
"348","24.934","38.759","50.736","54.175","41.335","47.618","55.452","53.291"
"349","24.983","38.789","50.781","54.209","41.380","47.667","55.493","53.332"
"350","25.009","38.811","50.796","54.227","41.395","47.675","55.504","53.343"
"351","25.032","38.830","50.822","54.253","41.414","47.697","55.527","53.365"
"352","25.036","38.842","50.837","54.268","41.436","47.723","55.552","53.384"
"353","25.048","38.864","50.863","54.287","41.448","47.738","55.568","53.406"
"354","25.071","38.891","50.881","54.313","41.470","47.768","55.594","53.436"
"355","25.101","38.913","50.900","54.342","41.507","47.783","55.616","53.454"
"356","25.123","38.939","50.930","54.357","41.519","47.802","55.627","53.481"
"357","25.146","38.951","50.952","54.376","41.534","47.824","55.653","53.495"
"358","25.180","38.996","50.982","54.413","41.575","47.861","55.694","53.533"
"359","25.192","39.022","51.004","54.439","41.597","47.880","55.720","53.552"
"360","25.174","39.041","51.023","54.458","41.619","47.903","55.742","53.574"
"361","25.201","39.059","51.049","54.484","41.642","47.921","55.757","53.600"
"362","25.216","39.075","51.067","54.506","41.657","47.940","55.772","53.607"
"363","25.239","39.097","51.086","54.517","41.676","47.955","55.787","53.633"
"364","25.247","39.112","51.105","54.536","41.694","47.981","55.810","53.648"
"365","25.280","39.138","51.127","54.565","41.720","47.996","55.835","53.678"
"366","25.314","39.164","51.149","54.591","41.739","48.022","55.861","53.689"
"367","25.352","39.209","51.190","54.621","41.777","48.071","55.899","53.734"
"368","25.368","39.225","51.216","54.640","41.803","48.089","55.921","53.756"
"369","25.379","39.229","51.220","54.659","41.810","48.097","55.932","53.767"
"370","25.372","39.251","51.242","54.677","41.822","48.112","55.958","53.779"
"371","25.377","39.270","51.261","54.689","41.844","48.124","55.973","53.805"
"372","25.407","39.289","51.280","54.711","41.867","48.153","55.988","53.823"
"373","25.433","39.319","51.302","54.740","41.893","48.176","56.018","53.853"
"374","25.437","39.334","51.328","54.763","41.919","48.198","56.033","53.868"
"375","25.460","39.349","51.343","54.771","41.927","48.213","56.051","53.887"
"376","25.498","39.401","51.387","54.811","41.971","48.262","56.100","53.931"
"377","25.503","39.420","51.410","54.837","41.990","48.273","56.118","53.950"
"378","25.518","39.439","51.425","54.852","42.012","48.296","56.137","53.965"
"379","25.522","39.451","51.440","54.882","42.028","48.307","56.148","53.976"
"380","25.541","39.481","51.469","54.897","42.050","48.340","56.181","54.009"
"381","25.557","39.492","51.477","54.916","42.061","48.345","56.189","54.024"
"382","25.583","39.515","51.499","54.927","42.080","48.367","56.204","54.039"
"383","25.609","39.533","51.525","54.953","42.102","48.382","56.230","54.062"
"384","25.621","39.548","51.537","54.961","42.121","48.404","56.249","54.080"
"385","25.604","39.593","51.585","55.016","42.162","48.445","56.290","54.118"
"386","25.586","39.620","51.600","55.027","42.185","48.464","56.305","54.143"
"387","25.568","39.635","51.611","55.035","42.196","48.479","56.320","54.155"
"388","25.617","39.654","51.637","55.058","42.215","48.494","56.342","54.170"
"389","25.628","39.662","51.656","55.083","42.234","48.521","56.372","54.207"
"390","25.666","39.695","51.674","55.102","42.256","48.546","56.386","54.211"
"391","25.685","39.699","51.693","55.124","42.268","48.558","56.402","54.237"
"392","25.689","39.722","51.712","55.139","42.290","48.580","56.420","54.252"
"393","25.686","39.748","51.730","55.162","42.301","48.588","56.435","54.267"
"394","25.735","39.771","51.764","55.192","42.288","48.615","56.202","53.850"
"395","25.751","39.768","51.660","54.038","40.817","47.912","54.525","52.371"
"396","25.777","39.761","51.141","52.739","40.085","47.122","53.205","51.423"
"397","25.781","39.733","50.500","51.733","39.740","46.590","52.347","50.795"
"398","25.797","39.682","49.886","50.962","39.507","46.221","51.756","50.327"
"399","25.804","39.621","49.332","50.317","39.322","45.913","51.302","49.916"
"400","25.823","39.552","48.829","49.771","39.159","45.638","50.905","49.568"
"401","25.846","39.462","48.383","49.279","38.992","45.378","50.563","49.235"
"402","25.880","39.360","47.967","48.837","38.843","45.132","50.246","48.939"
"403","25.922","39.172","47.225","48.052","38.556","44.654","49.632","48.360"
"404","25.944","39.074","46.881","47.682","38.408","44.423","49.332","48.085"
"405","25.956","38.977","46.563","47.342","38.259","44.199","49.054","47.828"
"406","25.968","38.875","46.248","47.013","38.132","43.975","48.782","47.575"
"407","25.979","38.767","45.944","46.691","37.994","43.747","48.500","47.322"
"408","25.987","38.669","45.654","46.394","37.853","43.534","48.247","47.076"
"409","26.006","38.571","45.376","46.097","37.729","43.331","47.990","46.830"
"410","26.007","38.470","45.101","45.815","37.599","43.114","47.740","46.598"
"411","26.019","38.376","44.841","45.533","37.472","42.908","47.480","46.371"
"412","26.034","38.173","44.320","44.994","37.207","42.496","46.984","45.897"
"413","26.039","38.064","44.081","44.726","37.091","42.297","46.746","45.676"
"414","26.039","37.973","43.839","44.477","36.968","42.109","46.518","45.448"
"415","26.025","37.861","43.607","44.238","36.848","41.914","46.276","45.224"
"416","26.007","37.752","43.376","43.999","36.736","41.741","46.062","45.025"
"417","26.038","37.669","43.170","43.779","36.635","41.564","45.853","44.827"
"418","26.068","37.586","42.964","43.551","36.529","41.383","45.632","44.624"
"419","26.075","37.481","42.747","43.338","36.417","41.217","45.422","44.425"
"420","26.091","37.390","42.541","43.113","36.312","41.043","45.205","44.223"
"421","26.081","37.206","42.143","42.694","36.109","40.715","44.797","43.836"
"422","26.111","37.115","41.959","42.502","36.011","40.559","44.598","43.652"
"423","26.123","37.025","41.774","42.300","35.921","40.397","44.399","43.471"
"424","26.134","36.934","41.586","42.105","35.816","40.245","44.201","43.287"
"425","26.131","36.844","41.406","41.913","35.722","40.097","44.009","43.095"
"426","26.124","36.753","41.225","41.725","35.624","39.945","43.814","42.922"
"427","26.140","36.663","41.052","41.548","35.537","39.796","43.633","42.752"
"428","26.162","36.576","40.878","41.360","35.443","39.651","43.449","42.571"
"429","26.185","36.486","40.716","41.183","35.356","39.506","43.261","42.394"
"430","26.179","36.319","40.383","40.847","35.179","39.223","42.903","42.051"
"431","26.150","36.225","40.221","40.667","35.096","39.082","42.719","41.889"
"432","26.136","36.149","40.066","40.501","35.009","38.944","42.545","41.730"
"433","26.151","36.062","39.917","40.349","34.918","38.820","42.379","41.560"
"434","26.181","35.979","39.761","40.194","34.843","38.686","42.195","41.397"
"435","26.164","35.892","39.616","40.027","34.756","38.545","42.029","41.242"
"436","26.124","35.809","39.464","39.879","34.680","38.418","41.866","41.083"
"437","26.165","35.730","39.322","39.719","34.593","38.291","41.700","40.935"
"438","26.195","35.654","39.181","39.578","34.524","38.175","41.552","40.791"
"439","26.170","35.502","38.919","39.291","34.380","37.932","41.234","40.498"
"440","26.190","35.426","38.782","39.161","34.311","37.820","41.086","40.350"
"441","26.212","35.350","38.648","39.027","34.232","37.700","40.931","40.217"
"442","26.253","35.278","38.528","38.889","34.163","37.588","40.790","40.069"
"443","26.254","35.199","38.401","38.754","34.091","37.479","40.639","39.928"
"444","26.247","35.123","38.274","38.624","34.026","37.356","40.487","39.782"
"445","26.255","35.050","38.147","38.486","33.954","37.251","40.350","39.652"
"446","26.248","34.982","38.028","38.370","33.889","37.149","40.205","39.518"
"447","26.242","34.910","37.915","38.247","33.820","37.045","40.068","39.387"
"448","26.261","34.783","37.687","38.004","33.697","36.838","39.789","39.126"
"449","26.258","34.700","37.560","37.877","33.625","36.722","39.651","38.996"
"450","26.270","34.639","37.459","37.768","33.564","36.628","39.517","38.865"
"451","26.274","34.574","37.346","37.660","33.503","36.530","39.386","38.749"
"452","26.278","34.501","37.241","37.540","33.445","36.443","39.260","38.626"
"453","26.294","34.447","37.140","37.424","33.391","36.349","39.140","38.499"
"454","26.294","34.379","37.031","37.319","33.329","36.248","39.006","38.383"
"455","26.291","34.310","36.922","37.207","33.265","36.150","38.879","38.263"
"456","26.288","34.238","36.828","37.105","33.207","36.060","38.759","38.140"
"457","26.278","34.119","36.625","36.891","33.095","35.875","38.516","37.926"
"458","26.279","34.050","36.524","36.797","33.041","35.795","38.400","37.799"
"459","26.276","33.996","36.430","36.689","32.980","35.705","38.277","37.694"
"460","26.291","33.938","36.336","36.587","32.933","35.625","38.165","37.582"
"461","26.288","33.870","36.238","36.489","32.875","35.546","38.052","37.473"
"462","26.292","33.812","36.147","36.395","32.821","35.452","37.936","37.364"
"463","26.289","33.758","36.061","36.290","32.767","35.372","37.824","37.256"
"464","26.279","33.693","35.970","36.200","32.709","35.278","37.708","37.147"
"465","26.265","33.632","35.876","36.102","32.655","35.198","37.603","37.035"
"466","26.281","33.527","35.706","35.917","32.551","35.043","37.386","36.843"
"467","26.292","33.477","35.626","35.845","32.519","34.982","37.295","36.756"
"468","26.282","33.423","35.547","35.755","32.468","34.895","37.179","36.647"
"469","26.272","33.358","35.460","35.668","32.414","34.819","37.074","36.546"
"470","26.279","33.311","35.380","35.584","32.367","34.750","36.976","36.455"
"471","26.295","33.250","35.297","35.497","32.317","34.670","36.878","36.357"
"472","26.295","33.206","35.221","35.414","32.270","34.598","36.777","36.260"
"473","26.281","33.142","35.134","35.328","32.220","34.522","36.665","36.165"
"474","26.278","33.091","35.055","35.244","32.169","34.443","36.567","36.068"
"475","26.283","32.990","34.903","35.089","32.087","34.316","36.393","35.894"
"476","26.287","32.940","34.831","35.006","32.044","34.244","36.299","35.811"
"477","26.288","32.897","34.758","34.937","32.004","34.175","36.212","35.720"
"478","26.288","32.839","34.686","34.868","31.961","34.111","36.122","35.633"
"479","26.271","32.792","34.614","34.782","31.911","34.038","36.017","35.547"
"480","26.264","32.738","34.534","34.706","31.864","33.980","35.941","35.467"
"481","26.261","32.702","34.473","34.633","31.821","33.905","35.846","35.376"
"482","26.254","32.652","34.408","34.561","31.781","33.847","35.752","35.293"
"483","26.247","32.598","34.328","34.489","31.738","33.775","35.669","35.214"
"484","26.260","32.512","34.202","34.348","31.655","33.656","35.503","35.051"
"485","26.256","32.461","34.141","34.279","31.612","33.598","35.416","34.968"
"486","26.257","32.422","34.065","34.207","31.580","33.529","35.340","34.895"
"487","26.265","32.382","34.011","34.146","31.544","33.483","35.264","34.827"
"488","26.273","32.339","33.949","34.084","31.508","33.414","35.174","34.744"
"489","26.222","32.281","33.877","34.001","31.458","33.345","35.083","34.650"
"490","26.189","32.231","33.805","33.929","31.411","33.277","35.000","34.570"
"491","26.194","32.188","33.736","33.864","31.368","33.222","34.931","34.501"
"492","26.194","32.148","33.678","33.802","31.332","33.172","34.852","34.440"
"493","26.229","32.066","33.563","33.680","31.261","33.053","34.703","34.292"
"494","26.244","32.022","33.498","33.615","31.225","33.006","34.627","34.212"
"495","26.256","31.979","33.451","33.564","31.192","32.945","34.548","34.140"
"496","26.175","31.947","33.394","33.503","31.146","32.898","34.483","34.082"
"497","26.143","31.911","33.336","33.434","31.110","32.840","34.411","34.003"
"498","26.117","31.853","33.267","33.380","31.077","32.775","34.331","33.945"
"499","26.118","31.814","33.213","33.319","31.045","32.732","34.262","33.876"
"500","26.159","31.793","33.159","33.268","31.013","32.689","34.197","33.811"
"501","26.185","31.753","33.116","33.214","30.974","32.628","34.132","33.742"
"502","26.220","31.674","33.004","33.088","30.909","32.527","33.999","33.612"
"503","26.161","31.635","32.946","33.045","30.870","32.484","33.934","33.555"
"504","26.169","31.603","32.892","32.987","30.841","32.430","33.869","33.497"
"505","26.214","31.556","32.842","32.926","30.802","32.376","33.785","33.421"
"506","26.229","31.516","32.784","32.872","30.766","32.322","33.728","33.360"
"507","26.230","31.488","32.741","32.817","30.726","32.278","33.663","33.306"
"508","26.227","31.448","32.683","32.760","30.694","32.235","33.601","33.237"
"509","26.194","31.405","32.629","32.706","30.665","32.170","33.533","33.183"
"510","26.173","31.377","32.590","32.666","30.641","32.138","33.486","33.125"
"511","26.152","31.308","32.492","32.565","30.580","32.041","33.360","33.003"
"512","26.163","31.280","32.446","32.515","30.547","32.005","33.295","32.956"
"513","26.135","31.237","32.388","32.461","30.512","31.954","33.233","32.887"
"514","26.150","31.205","32.349","32.418","30.483","31.904","33.176","32.826"
"515","26.173","31.165","32.291","32.360","30.451","31.861","33.110","32.772"
"516","26.199","31.129","32.244","32.306","30.419","31.810","33.064","32.721"
"517","26.222","31.097","32.201","32.255","30.376","31.767","32.999","32.660"
"518","26.222","31.057","32.154","32.216","30.354","31.728","32.937","32.598"
"519","26.219","31.025","32.096","32.158","30.318","31.677","32.887","32.548"
"520","26.216","30.968","32.024","32.079","30.268","31.595","32.779","32.454"
"521","26.232","30.936","31.981","32.025","30.236","31.562","32.725","32.397"
"522","26.210","30.896","31.931","31.982","30.208","31.512","32.660","32.339"
"523","26.222","30.868","31.891","31.935","30.186","31.480","32.620","32.299"
"524","26.223","30.843","31.859","31.910","30.161","31.437","32.566","32.249"
"525","26.227","30.814","31.820","31.860","30.133","31.408","32.519","32.202"
"526","26.224","30.785","31.776","31.817","30.104","31.372","32.476","32.155"
"527","26.224","30.768","31.748","31.784","30.090","31.333","32.429","32.120"
"528","26.195","30.736","31.701","31.741","30.069","31.304","32.382","32.065"
"529","26.134","30.671","31.618","31.651","30.004","31.214","32.271","31.975"
"530","26.123","30.632","31.575","31.597","29.972","31.171","32.220","31.914"
"531","26.102","30.599","31.532","31.569","29.947","31.139","32.166","31.871"
"532","26.073","30.574","31.489","31.518","29.918","31.095","32.116","31.817"
"533","26.044","30.539","31.457","31.482","29.889","31.060","32.076","31.781"
"534","26.074","30.521","31.414","31.446","29.864","31.016","32.022","31.727"
"535","26.086","30.492","31.381","31.400","29.842","30.988","31.983","31.695"
"536","26.086","30.460","31.353","31.367","29.817","30.963","31.939","31.651"
"537","26.083","30.439","31.310","31.331","29.799","30.923","31.900","31.608"
"538","26.073","30.393","31.256","31.263","29.749","30.855","31.802","31.518"
"539","26.066","30.360","31.202","31.220","29.720","30.816","31.759","31.486"
"540","26.063","30.332","31.170","31.184","29.698","30.780","31.716","31.443"
"541","26.056","30.303","31.130","31.148","29.677","30.751","31.673","31.396"
"542","26.061","30.278","31.098","31.105","29.652","30.719","31.630","31.360"
"543","26.039","30.257","31.058","31.076","29.630","30.683","31.590","31.324"
"544","26.040","30.228","31.033","31.041","29.605","30.654","31.551","31.281"
"545","26.040","30.207","31.005","31.008","29.587","30.622","31.511","31.234"
"546","26.044","30.182","30.958","30.976","29.551","30.583","31.468","31.198"
"547","26.053","30.121","30.890","30.901","29.508","30.525","31.393","31.116"
"548","26.057","30.103","30.858","30.861","29.483","30.490","31.338","31.080"
"549","26.043","30.071","30.818","30.822","29.450","30.450","31.303","31.033"
"550","26.044","30.050","30.789","30.789","29.425","30.421","31.267","30.997"
"551","26.051","30.014","30.746","30.754","29.414","30.396","31.213","30.961"
"552","26.037","29.996","30.718","30.714","29.385","30.361","31.180","30.922"
"553","25.979","29.975","30.696","30.689","29.371","30.332","31.141","30.889"
"554","25.972","29.949","30.660","30.653","29.342","30.303","31.101","30.850"
"555","25.976","29.932","30.635","30.625","29.321","30.271","31.069","30.818"
"556","25.981","29.881","30.574","30.567","29.285","30.214","30.997","30.746"
"557","25.989","29.860","30.546","30.531","29.271","30.196","30.965","30.714"
"558","25.975","29.838","30.514","30.503","29.246","30.160","30.918","30.674"
"559","25.979","29.813","30.481","30.474","29.228","30.143","30.897","30.653"
"560","25.972","29.788","30.456","30.442","29.199","30.099","30.850","30.613"
"561","25.988","29.762","30.428","30.413","29.185","30.078","30.814","30.570"
"562","25.984","29.737","30.392","30.374","29.160","30.053","30.778","30.538"
"563","26.000","29.719","30.367","30.352","29.138","30.014","30.742","30.505"
"564","25.985","29.701","30.331","30.306","29.113","29.988","30.710","30.469"
"565","25.987","29.647","30.274","30.259","29.070","29.938","30.638","30.401"
"566","26.002","29.637","30.249","30.227","29.056","29.917","30.613","30.380"
"567","26.024","29.615","30.231","30.198","29.041","29.895","30.577","30.348"
"568","26.017","29.586","30.188","30.170","29.012","29.862","30.541","30.312"
"569","26.033","29.565","30.178","30.138","28.998","29.830","30.498","30.280"
"570","26.030","29.540","30.142","30.113","28.980","29.805","30.481","30.258"
"571","26.008","29.529","30.117","30.102","28.959","29.783","30.452","30.226"
"572","26.012","29.508","30.088","30.063","28.937","29.754","30.405","30.183"
"573","26.028","29.482","30.059","30.027","28.908","29.725","30.365","30.154"
"574","25.995","29.428","29.999","29.965","28.873","29.667","30.305","30.090"
"575","25.967","29.407","29.973","29.948","28.851","29.653","30.276","30.065"
"576","25.982","29.400","29.941","29.915","28.837","29.621","30.244","30.032"
"577","25.979","29.378","29.927","29.893","28.819","29.592","30.215","29.993"
"578","25.976","29.357","29.898","29.861","28.798","29.574","30.186","29.971"
"579","25.965","29.328","29.872","29.836","28.783","29.549","30.158","29.942"
"580","25.980","29.314","29.843","29.807","28.762","29.520","30.126","29.917"
"581","25.977","29.299","29.829","29.789","28.740","29.498","30.097","29.884"
"582","25.963","29.271","29.797","29.760","28.719","29.473","30.061","29.848"
"583","25.979","29.238","29.743","29.706","28.683","29.419","30.007","29.787"
"584","25.979","29.213","29.710","29.677","28.669","29.401","29.971","29.776"
"585","25.976","29.199","29.699","29.659","28.658","29.383","29.950","29.751"
"586","25.984","29.181","29.674","29.637","28.640","29.369","29.917","29.715"
"587","25.966","29.160","29.649","29.609","28.619","29.336","29.899","29.686"
"588","25.941","29.134","29.613","29.580","28.590","29.304","29.863","29.653"
"589","25.930","29.116","29.602","29.558","28.576","29.297","29.838","29.635"
"590","25.934","29.102","29.581","29.533","28.569","29.268","29.812","29.614"
"591","25.931","29.088","29.559","29.508","28.551","29.243","29.780","29.581"
"592","25.921","29.045","29.512","29.457","28.512","29.203","29.729","29.531"
"593","25.937","29.023","29.487","29.436","28.497","29.174","29.700","29.509"
"594","25.919","29.013","29.465","29.418","28.483","29.153","29.675","29.469"
"595","25.937","28.988","29.437","29.389","28.454","29.131","29.643","29.440"
"596","25.953","28.973","29.411","29.363","28.436","29.113","29.621","29.426"
"597","25.942","28.952","29.397","29.342","28.433","29.088","29.592","29.404"
"598","25.932","28.934","29.375","29.324","28.404","29.074","29.567","29.372"
"599","25.914","28.920","29.354","29.288","28.394","29.048","29.541","29.343"
"600","25.918","28.894","29.325","29.277","28.379","29.027","29.516","29.321"
"601","25.897","28.862","29.285","29.238","28.351","28.987","29.466","29.278"
"602","25.916","28.841","29.271","29.209","28.326","28.970","29.433","29.245"
"603","25.898","28.830","29.242","29.183","28.315","28.944","29.415","29.224"
"604","25.902","28.812","29.224","29.162","28.301","28.923","29.386","29.199"
"605","25.869","28.794","29.199","29.148","28.279","28.908","29.368","29.177"
"606","25.866","28.773","29.185","29.126","28.265","28.891","29.347","29.159"
"607","25.848","28.770","29.171","29.116","28.258","28.876","29.322","29.141"
"608","25.834","28.744","29.146","29.087","28.240","28.847","29.300","29.116"
"609","25.824","28.730","29.120","29.058","28.226","28.833","29.267","29.091"
"610","25.828","28.705","29.092","29.026","28.198","28.801","29.235","29.048"
"611","25.821","28.684","29.063","29.000","28.184","28.772","29.214","29.030"
"612","25.807","28.677","29.060","28.990","28.177","28.769","29.196","29.019"
"613","25.797","28.663","29.042","28.983","28.170","28.755","29.174","28.994"
"614","25.801","28.649","29.009","28.947","28.137","28.730","29.153","28.965"
"615","25.809","28.631","28.999","28.929","28.134","28.712","29.131","28.947"
"616","25.816","28.609","28.977","28.914","28.112","28.690","29.109","28.929"
"617","25.802","28.595","28.963","28.893","28.102","28.672","29.080","28.908"
"618","25.781","28.577","28.934","28.864","28.084","28.650","29.052","28.875"
"619","25.749","28.537","28.891","28.817","28.044","28.600","28.994","28.824"
"620","25.767","28.523","28.873","28.810","28.041","28.586","28.983","28.806"
"621","25.764","28.513","28.851","28.785","28.020","28.564","28.958","28.792"
"622","25.746","28.491","28.830","28.767","28.002","28.554","28.936","28.767"
"623","25.732","28.469","28.812","28.734","27.984","28.528","28.915","28.742"
"624","25.707","28.459","28.797","28.720","27.970","28.510","28.889","28.716"
"625","25.678","28.448","28.768","28.698","27.959","28.496","28.871","28.706"
"626","25.675","28.423","28.750","28.684","27.941","28.478","28.842","28.684"
"627","25.723","28.413","28.736","28.666","27.927","28.453","28.836","28.666"
"628","25.691","28.391","28.711","28.638","27.906","28.428","28.785","28.623"
"629","25.699","28.370","28.686","28.609","27.888","28.410","28.767","28.605"
"630","25.710","28.359","28.676","28.595","27.881","28.385","28.753","28.591"
"631","25.711","28.341","28.654","28.580","27.863","28.378","28.735","28.562"
"632","25.685","28.320","28.636","28.563","27.849","28.360","28.713","28.552"
"633","25.667","28.320","28.618","28.548","27.838","28.342","28.692","28.537"
"634","25.679","28.302","28.604","28.530","27.831","28.328","28.670","28.512"
"635","25.713","28.288","28.582","28.509","27.806","28.306","28.649","28.490"
"636","25.713","28.278","28.568","28.491","27.799","28.292","28.634","28.473"
"637","25.718","28.242","28.532","28.455","27.763","28.256","28.591","28.429"
"638","25.703","28.216","28.503","28.422","27.745","28.235","28.566","28.411"
"639","25.686","28.206","28.493","28.416","27.739","28.224","28.544","28.390"
"640","25.701","28.192","28.482","28.398","27.728","28.214","28.537","28.372"
"641","25.727","28.188","28.461","28.391","27.714","28.199","28.516","28.365"
"642","25.735","28.174","28.450","28.369","27.707","28.185","28.498","28.325"
"643","25.698","28.167","28.440","28.355","27.682","28.167","28.480","28.311"
"644","25.662","28.135","28.410","28.326","27.664","28.138","28.455","28.296"
"645","25.677","28.117","28.389","28.312","27.653","28.131","28.440","28.282"
"646","25.641","28.099","28.368","28.279","27.632","28.099","28.405","28.257"
"647","25.605","28.092","28.354","28.269","27.629","28.085","28.387","28.236"
"648","25.591","28.078","28.336","28.247","27.607","28.067","28.369","28.225"
"649","25.595","28.068","28.321","28.237","27.597","28.053","28.358","28.204"
"650","25.588","28.057","28.318","28.234","27.597","28.042","28.340","28.193"
"651","25.567","28.039","28.297","28.205","27.579","28.028","28.322","28.175"
"652","25.563","28.028","28.286","28.190","27.568","28.017","28.308","28.157"
"653","25.556","28.014","28.268","28.176","27.558","28.003","28.290","28.143"
"654","25.571","28.004","28.254","28.162","27.544","27.992","28.276","28.121"
"655","25.558","27.979","28.214","28.126","27.511","27.946","28.218","28.082"
"656","25.551","27.953","28.196","28.112","27.501","27.939","28.218","28.071"
"657","25.551","27.950","28.189","28.094","27.487","27.924","28.200","28.050"
"658","25.530","27.932","28.164","28.083","27.480","27.914","28.175","28.039"
"659","25.508","27.914","28.150","28.062","27.465","27.896","28.161","28.017"
"660","25.501","27.911","28.139","28.051","27.451","27.882","28.143","27.992"
"661","25.505","27.886","28.121","28.026","27.433","27.864","28.129","27.978"
"662","25.531","27.882","28.118","28.022","27.430","27.853","28.118","27.978"
"663","25.506","27.883","28.100","28.008","27.419","27.850","28.104","27.968"
"664","25.481","27.851","28.064","27.980","27.398","27.821","28.075","27.924"
"665","25.489","27.855","28.068","27.969","27.391","27.807","28.065","27.921"
"666","25.504","27.833","28.050","27.944","27.370","27.789","28.047","27.907"
"667","25.527","27.804","28.036","27.944","27.367","27.775","28.025","27.882"
"668","25.516","27.812","28.022","27.926","27.360","27.768","28.014","27.875"
"669","25.509","27.798","28.011","27.923","27.353","27.757","28.000","27.860"
"670","25.477","27.780","27.993","27.898","27.342","27.743","27.982","27.853"
"671","25.481","27.777","27.983","27.894","27.328","27.725","27.968","27.828"
"672","25.470","27.773","27.968","27.880","27.321","27.715","27.957","27.825"
"673","25.519","27.730","27.940","27.844","27.289","27.679","27.925","27.782"
"674","25.538","27.727","27.933","27.826","27.278","27.683","27.907","27.760"
"675","25.520","27.713","27.926","27.816","27.267","27.665","27.889","27.760"
"676","25.539","27.709","27.904","27.809","27.260","27.650","27.882","27.750"
"677","25.550","27.695","27.894","27.787","27.250","27.640","27.864","27.732"
"678","25.576","27.696","27.879","27.788","27.239","27.626","27.846","27.718"
"679","25.555","27.667","27.862","27.759","27.229","27.608","27.836","27.700"
"680","25.548","27.663","27.847","27.748","27.211","27.597","27.818","27.693"
"681","25.541","27.649","27.840","27.737","27.204","27.576","27.800","27.675"
"682","25.461","27.620","27.808","27.705","27.179","27.562","27.771","27.635"
"683","25.465","27.603","27.790","27.695","27.165","27.536","27.761","27.625"
"684","25.451","27.603","27.783","27.684","27.158","27.529","27.739","27.614"
"685","25.440","27.581","27.765","27.662","27.144","27.522","27.725","27.592"
"686","25.462","27.571","27.747","27.637","27.129","27.504","27.703","27.582"
"687","25.459","27.564","27.740","27.645","27.122","27.490","27.682","27.546"
"688","25.441","27.564","27.730","27.630","27.108","27.476","27.675","27.544"
"689","25.442","27.543","27.715","27.612","27.105","27.465","27.668","27.543"
"690","25.424","27.528","27.694","27.602","27.083","27.440","27.646","27.517"
"691","25.454","27.496","27.669","27.573","27.062","27.426","27.628","27.496"
"692","25.443","27.489","27.662","27.555","27.059","27.412","27.614","27.489"
"693","25.403","27.490","27.655","27.552","27.048","27.405","27.604","27.475"
"694","25.389","27.479","27.637","27.534","27.034","27.387","27.582","27.464"
"695","25.404","27.457","27.630","27.520","27.027","27.376","27.575","27.450"
"696","25.408","27.454","27.619","27.509","27.016","27.366","27.557","27.432"
"697","25.431","27.451","27.605","27.510","27.013","27.359","27.554","27.429"
"698","25.439","27.433","27.598","27.488","26.999","27.345","27.540","27.422"
"699","25.432","27.437","27.588","27.481","26.999","27.345","27.522","27.407"
"700","25.385","27.397","27.563","27.460","26.974","27.320","27.497","27.368"
"701","25.389","27.394","27.549","27.442","26.964","27.306","27.482","27.365"
"702","25.386","27.383","27.531","27.424","26.946","27.291","27.472","27.350"
"703","25.364","27.365","27.516","27.410","26.935","27.277","27.457","27.343"
"704","25.357","27.362","27.506","27.403","26.932","27.270","27.447","27.325"
"705","25.354","27.352","27.506","27.388","26.921","27.256","27.432","27.315"
"706","25.343","27.337","27.484","27.381","26.914","27.253","27.425","27.300"
"707","25.358","27.338","27.481","27.371","26.903","27.246","27.418","27.301"
"708","25.336","27.323","27.474","27.360","26.896","27.228","27.404","27.279"
"709","25.352","27.302","27.449","27.343","26.879","27.206","27.376","27.265"
"710","25.345","27.295","27.439","27.332","26.872","27.199","27.372","27.251"
"711","25.331","27.284","27.417","27.321","26.858","27.178","27.354","27.233"
"712","25.320","27.278","27.417","27.303","26.847","27.178","27.344","27.226"
"713","25.298","27.267","27.396","27.285","26.829","27.168","27.322","27.204"
"714","25.277","27.245","27.385","27.278","26.829","27.150","27.311","27.197"
"715","25.292","27.246","27.382","27.271","26.819","27.150","27.316","27.201"
"716","25.278","27.250","27.375","27.268","26.823","27.139","27.298","27.180"
"717","25.285","27.232","27.364","27.250","26.809","27.129","27.283","27.162"
"718","25.260","27.218","27.347","27.236","26.791","27.111","27.262","27.152"
"719","25.287","27.211","27.332","27.222","26.780","27.104","27.251","27.137"
"720","25.280","27.193","27.318","27.200","26.762","27.071","27.233","27.108"
"721","25.280","27.175","27.307","27.193","26.759","27.065","27.215","27.098"
"722","25.295","27.164","27.293","27.186","26.745","27.061","27.212","27.098"
"723","25.314","27.154","27.279","27.161","26.727","27.036","27.187","27.069"
"724","25.270","27.147","27.270","27.154","26.722","27.033","27.184","27.070"
"725","25.271","27.140","27.261","27.147","26.717","27.029","27.180","27.070"
"726","25.275","27.129","27.254","27.140","26.710","27.015","27.173","27.055"
"727","25.257","27.119","27.240","27.126","26.692","27.001","27.141","27.038"
"728","25.250","27.112","27.222","27.112","26.685","26.994","27.138","27.031"
"729","25.236","27.105","27.219","27.105","26.685","26.984","27.131","27.017"
"730","25.273","27.091","27.208","27.102","26.660","26.969","27.113","27.002"
"731","25.299","27.087","27.198","27.084","26.657","26.962","27.102","26.992"
"732","25.289","27.077","27.183","27.077","26.657","26.959","27.091","26.992"
"733","25.263","27.070","27.176","27.062","26.647","26.945","27.085","26.981"
"734","25.227","27.063","27.173","27.059","26.643","26.938","27.070","26.963"
"735","25.231","27.045","27.155","27.048","26.625","26.923","27.067","26.956"
"736","25.261","27.016","27.127","27.012","26.604","26.898","27.038","26.924"
"737","25.269","27.024","27.127","27.009","26.608","26.888","27.031","26.921"
"738","25.255","27.010","27.113","27.002","26.590","26.884","27.013","26.907"
"739","25.244","26.999","27.106","26.988","26.583","26.877","27.010","26.900"
"740","25.237","26.992","27.091","26.981","26.572","26.863","26.999","26.893"
"741","25.237","26.992","27.084","26.963","26.569","26.860","26.989","26.882"
"742","25.238","26.978","27.081","26.967","26.558","26.849","26.978","26.868"
"743","25.216","26.960","27.070","26.953","26.555","26.842","26.967","26.857"
"744","25.224","26.957","27.056","26.949","26.537","26.832","26.953","26.854"
"745","25.206","26.935","27.035","26.917","26.523","26.803","26.943","26.832"
"746","25.221","26.932","27.028","26.917","26.520","26.807","26.928","26.825"
"747","25.188","26.929","27.021","26.899","26.513","26.793","26.921","26.818"
"748","25.156","26.918","27.017","26.896","26.502","26.786","26.907","26.804"
"749","25.175","26.908","27.007","26.885","26.492","26.779","26.904","26.794"
"750","25.145","26.904","27.000","26.878","26.488","26.768","26.897","26.794"
"751","25.142","26.897","26.989","26.875","26.478","26.761","26.883","26.783"
"752","25.143","26.894","26.986","26.868","26.482","26.750","26.879","26.772"
"753","25.169","26.887","26.975","26.857","26.467","26.740","26.861","26.758"
"754","25.122","26.862","26.954","26.832","26.446","26.722","26.840","26.737"
"755","25.133","26.851","26.943","26.833","26.447","26.719","26.833","26.737"
"756","25.133","26.844","26.936","26.815","26.429","26.715","26.819","26.719"
"757","25.119","26.834","26.922","26.804","26.422","26.694","26.804","26.708"
"758","25.134","26.827","26.911","26.794","26.411","26.694","26.808","26.702"
"759","25.135","26.827","26.912","26.790","26.408","26.673","26.780","26.677"
"760","25.109","26.813","26.894","26.780","26.401","26.668","26.772","26.671"
"761","25.110","26.809","26.890","26.762","26.383","26.662","26.765","26.666"
"762","25.084","26.795","26.883","26.755","26.390","26.655","26.758","26.663"
"763","25.107","26.777","26.862","26.744","26.365","26.634","26.741","26.641"
"764","25.122","26.767","26.848","26.730","26.358","26.627","26.730","26.634"
"765","25.122","26.760","26.833","26.723","26.348","26.620","26.727","26.624"
"766","25.137","26.753","26.841","26.716","26.352","26.624","26.720","26.620"
"767","25.131","26.746","26.823","26.702","26.334","26.599","26.705","26.617"
"768","25.087","26.746","26.820","26.702","26.338","26.606","26.680","26.596"
"769","25.076","26.743","26.816","26.695","26.327","26.588","26.679","26.594"
"770","25.087","26.732","26.806","26.688","26.324","26.574","26.677","26.592"
"771","25.110","26.718","26.802","26.674","26.317","26.574","26.670","26.582"
"772","25.103","26.700","26.774","26.652","26.292","26.557","26.652","26.557"
"773","25.115","26.700","26.770","26.653","26.292","26.542","26.634","26.550"
"774","25.130","26.686","26.756","26.627","26.278","26.532","26.627","26.532"
"775","25.126","26.679","26.753","26.635","26.271","26.525","26.624","26.536"
"776","25.094","26.668","26.742","26.613","26.260","26.521","26.617","26.521"
"777","25.109","26.680","26.742","26.617","26.264","26.507","26.603","26.511"
"778","25.116","26.665","26.728","26.607","26.246","26.502","26.594","26.502"
"779","25.124","26.655","26.714","26.596","26.243","26.497","26.585","26.493"
"780","25.128","26.629","26.699","26.578","26.228","26.482","26.571","26.475"
"781","25.041","26.626","26.700","26.568","26.222","26.476","26.568","26.472"
"782","25.019","26.623","26.689","26.564","26.215","26.465","26.557","26.469"
"783","25.045","26.616","26.679","26.561","26.215","26.458","26.542","26.458"
"784","25.023","26.605","26.668","26.539","26.193","26.447","26.539","26.443"
"785","25.042","26.602","26.672","26.547","26.197","26.451","26.536","26.448"
"786","25.028","26.591","26.658","26.543","26.183","26.426","26.518","26.434"
"787","25.054","26.588","26.654","26.522","26.184","26.428","26.513","26.425"
"788","25.050","26.581","26.644","26.522","26.184","26.430","26.507","26.416"
"789","25.018","26.563","26.629","26.508","26.166","26.412","26.497","26.408"
"790","25.022","26.556","26.619","26.490","26.148","26.402","26.479","26.380"
"791","25.026","26.549","26.612","26.479","26.148","26.387","26.472","26.380"
"792","25.030","26.542","26.601","26.476","26.138","26.391","26.465","26.377"
"793","25.038","26.539","26.594","26.469","26.134","26.377","26.451","26.370"
"794","25.038","26.525","26.587","26.455","26.124","26.370","26.447","26.363"
"795","25.016","26.518","26.576","26.455","26.116","26.363","26.437","26.352"
"796","25.028","26.514","26.573","26.448","26.109","26.352","26.432","26.341"
"797","24.999","26.507","26.559","26.434","26.099","26.338","26.426","26.331"
"798","25.021","26.500","26.555","26.423","26.088","26.342","26.412","26.327"
"799","24.978","26.482","26.538","26.409","26.081","26.313","26.391","26.317"
"800","24.978","26.479","26.527","26.406","26.074","26.314","26.380","26.299"
"801","24.964","26.465","26.516","26.387","26.064","26.299","26.384","26.288"
"802","24.946","26.450","26.502","26.381","26.046","26.285","26.355","26.277"
"803","24.953","26.451","26.506","26.377","26.050","26.282","26.366","26.285"
"804","24.954","26.440","26.495","26.356","26.036","26.260","26.341","26.260"
"805","24.958","26.433","26.485","26.352","26.034","26.258","26.338","26.255"
"806","24.943","26.430","26.478","26.349","26.032","26.257","26.334","26.249"
"807","24.944","26.419","26.470","26.338","26.018","26.257","26.323","26.246"
"808","24.926","26.398","26.457","26.320","26.004","26.239","26.309","26.236"
"809","24.911","26.402","26.442","26.321","25.993","26.229","26.302","26.218"
"810","24.930","26.391","26.439","26.310","25.990","26.229","26.295","26.207"
"811","24.934","26.384","26.432","26.288","25.983","26.207","26.281","26.192"
"812","24.927","26.370","26.410","26.289","25.968","26.200","26.266","26.186"
"813","24.942","26.363","26.407","26.282","25.962","26.194","26.256","26.182"
"814","24.909","26.363","26.403","26.278","25.964","26.192","26.258","26.183"
"815","24.910","26.359","26.400","26.275","25.966","26.190","26.260","26.183"
"816","24.888","26.352","26.400","26.271","25.959","26.179","26.253","26.172"
"817","24.896","26.349","26.386","26.261","25.937","26.169","26.235","26.154"
"818","24.915","26.328","26.379","26.243","25.930","26.162","26.225","26.151"
"819","24.930","26.328","26.368","26.240","25.927","26.159","26.217","26.144"
"820","24.908","26.314","26.365","26.225","25.920","26.148","26.211","26.137"
"821","24.883","26.310","26.354","26.226","25.913","26.137","26.200","26.130"
"822","24.879","26.307","26.347","26.222","25.906","26.127","26.193","26.112"
"823","24.887","26.300","26.340","26.208","25.899","26.123","26.188","26.109"
"824","24.902","26.293","26.333","26.204","25.899","26.120","26.182","26.105"
"825","24.891","26.293","26.330","26.205","25.888","26.117","26.175","26.098"
"826","24.881","26.279","26.319","26.187","25.882","26.099","26.169","26.091"
"827","24.870","26.272","26.313","26.173","25.875","26.092","26.154","26.081"
"828","24.852","26.258","26.298","26.166","25.860","26.081","26.144","26.070"
"829","24.852","26.247","26.287","26.148","25.853","26.074","26.144","26.059"
"830","24.853","26.247","26.277","26.141","25.842","26.060","26.126","26.049"
"831","24.868","26.229","26.262","26.134","25.821","26.053","26.108","26.038"
"832","24.857","26.233","26.255","26.127","25.823","26.046","26.106","26.031"
"833","24.832","26.230","26.263","26.119","25.825","26.038","26.105","26.024"
"834","24.825","26.215","26.245","26.109","25.811","26.032","26.090","26.013"
"835","24.829","26.198","26.231","26.106","25.804","26.025","26.080","26.003"
"836","24.837","26.191","26.216","26.091","25.786","26.010","26.066","25.996"
"837","24.859","26.176","26.217","26.088","25.786","25.996","26.066","25.985"
"838","24.863","26.180","26.210","26.081","25.787","26.007","26.066","25.989"
"839","24.849","26.188","26.217","26.081","25.787","26.004","26.063","25.986"
"840","24.812","26.181","26.210","26.070","25.772","25.993","26.048","25.979"
"841","24.816","26.174","26.207","26.071","25.780","25.993","26.049","25.971"
"842","24.813","26.163","26.196","26.060","25.773","25.986","26.045","25.972"
"843","24.813","26.167","26.193","26.060","25.770","25.979","26.035","25.968"
"844","24.854","26.149","26.186","26.039","25.752","25.962","26.017","25.943"
"845","24.855","26.135","26.164","26.028","25.738","25.955","26.010","25.933"
"846","24.829","26.132","26.157","26.021","25.734","25.944","25.995","25.922"
"847","24.804","26.117","26.143","26.007","25.716","25.937","25.985","25.907"
"848","24.815","26.106","26.136","26.000","25.720","25.934","25.992","25.911"
"849","24.834","26.110","26.140","26.004","25.713","25.916","25.971","25.908"
"850","24.797","26.111","26.122","25.989","25.702","25.916","25.969","25.905"
"851","24.797","26.111","26.133","25.993","25.706","25.916","25.967","25.901"
"852","24.831","26.093","26.115","25.982","25.692","25.905","25.953","25.876"
"853","24.865","26.082","26.105","25.968","25.692","25.902","25.954","25.880"
